CPF/CNPJ,NM_CANDIDATO,NM_URNA_CANDIDATO,SG_UE,NM_UE,SG_PARTIDO,DS_CARGO,DS_OCUPACAO,SUM de Valor do Auto,COUNTA de Valor do Auto
x,CLESIO ANTONIO SOUSA CARVALHO FILHO,DR CLESIO CARVALHO,MT,MATO GROSSO,PROS,DEPUTADO FEDERAL,MÉDICO,15550000,2
x,ROBSAO DEMONTHI DE SOUZA MOREIRA,ROBÃO DA CENTRAL DO BOI,RO,RONDÔNIA,PSC,DEPUTADO FEDERAL,PECUARISTA,7589000,3
x,AFFONSO ANTONIO CANDIDO,AFFONSO CANDIDO,RO,RONDÔNIA,PL,DEPUTADO ESTADUAL,EMPRESÁRIO,7025000,4
x,EFRAIN DE SOUSA CASTILHO SOBRINHO,EFRAIN CASTILHO,MT,MATO GROSSO,PSOL,DEPUTADO ESTADUAL,EMPRESÁRIO,6236473,10
x,RUI ALBERTO WOLFART,RUI WOLFART,MT,MATO GROSSO,PSDB,DEPUTADO ESTADUAL,ENGENHEIRO,"5551143,5",5
x,ERNANDES SANTOS AMORIM,AMORIM,RO,RONDÔNIA,PSB,DEPUTADO ESTADUAL,AGRICULTOR,4979700,7
x,JOSE GERARDO OLIVEIRA DE ARRUDA FILHO,ZÉ GERARDO,CE,CEARÁ,PL,DEPUTADO FEDERAL,EMPRESÁRIO,3229724,5
x,ARAY CARLOS DA FONSECA FILHO,DR. ARAY FONSECA,MT,MATO GROSSO,PL,DEPUTADO FEDERAL,MÉDICO,2455000,7
x,JOSE LOPES JUNIOR,ZÉ LOPES,AC,ACRE,PL,DEPUTADO ESTADUAL,ADVOGADO,"2394272,8",5
x,CARLITO PEREIRA DA COSTA,CARLITO ARRUDA,MG,MINAS GERAIS,PDT,DEPUTADO FEDERAL,EMPRESÁRIO,2053445,1
x,GASPAR DOMINGOS LAZARI,GASPAR,MT,MATO GROSSO,PSD,DEPUTADO ESTADUAL,PECUARISTA,2050000,2
x,RODRIGO MARTINS DE MELLO,RODRIGO CATARATAS,RR,RORAIMA,PL,DEPUTADO FEDERAL,EMPRESÁRIO,1946500,5
x,JOSE EURIPEDES CLEMENTE,LEBRÃO,RO,RONDÔNIA,UNIÃO,DEPUTADO FEDERAL,DEPUTADO,1935000,3
x,VALTER MIOTTO FERREIRA,VALTINHO MIOTTO,MT,MATO GROSSO,MDB,DEPUTADO ESTADUAL,EMPRESÁRIO,1786982,8
x,ANTONIO GALVAN,ANTÔNIO GALVAN,MT,MATO GROSSO,PTB,SENADOR,EMPRESÁRIO,1561000,2
x,SIRLEI BRAGATTO,SIRLEI DA BRASÍLIA,PA,PARÁ,PMB,DEPUTADO ESTADUAL,VENDEDOR DE COMÉRCIO VAREJISTA E ATACADISTA,1506000,1
x,ONDANIR BORTOLINI,NININHO,MT,MATO GROSSO,PSD,DEPUTADO ESTADUAL,DEPUTADO,"1296794,5",5
x,EDER BARCELOS BRANDAO,EDER LOURINHO,RR,RORAIMA,PSD,DEPUTADO ESTADUAL,DEPUTADO,860000,3
x,IVO NARCISO CASSOL,IVO CASSOL,RO,RONDÔNIA,PP,GOVERNADOR,EMPRESÁRIO,800000,1
x,LUCIANO PEREIRA DE OLIVEIRA,LUCIANO OLIVEIRA,TO,TOCANTINS,PSD,DEPUTADO ESTADUAL,AGRICULTOR,657000,3
x,JOSE ALVES DOS SANTOS,ZÉ DA VIOLA,MS,MATO GROSSO DO SUL,UNIÃO,DEPUTADO FEDERAL,PRODUTOR AGROPECUÁRIO,650000,1
x,MARCIO ANTONIO DE ARAUJO,MARCIO TINTE,SC,SANTA CATARINA,REPUBLICANOS,DEPUTADO ESTADUAL,OUTROS,627000,11
x,JOILMA TEODORA DE ARAUJO SILVA,JOILMA TEODORA,RR,RORAIMA,PODE,DEPUTADO ESTADUAL,EMPRESÁRIO,616000,4
x,HELDER ZAHLUTH BARBALHO,HELDER,PA,PARÁ,MDB,GOVERNADOR,GOVERNADOR,500000,1
x,JOSE ATILIO SALAZAR MARTINS,ZÉ JODAN,RO,RONDÔNIA,PSC,DEPUTADO ESTADUAL,PRODUTOR AGROPECUÁRIO,499000,3
x,FRANCIS MARIS CRUZ,FRANCIS MARIS DA COMETA,MT,MATO GROSSO,PSDB,DEPUTADO ESTADUAL,EMPRESÁRIO,478800,3
x,CARLOS VINICIOS DE MELO VIEIRA,CARLOS VINICIOS,PA,PARÁ,MDB,DEPUTADO ESTADUAL,EMPRESÁRIO,420000,1
x,LUCIANO CALDAS BIVAR,LUCIANO BIVAR,PE,PERNAMBUCO,UNIÃO,DEPUTADO FEDERAL,EMPRESÁRIO,400000,3
x,DALTON BENONI MARTINI,DALTON MARTINI,MT,MATO GROSSO,PTB,DEPUTADO FEDERAL,EMPRESÁRIO,374650,1
x,EZEQUIEL FERREIRA LEITE NETO,EZEQUIEL LEITE,SE,SERGIPE,PSDB,1º SUPLENTE,EMPRESÁRIO,367000,6
x,JURACI FRANCISCO DOS SANTOS,JURACI ESCURINHO,RR,RORAIMA,PDT,GOVERNADOR,EMPRESÁRIO,365000,2
x,MANOEL QUEIROZ DOS SANTOS,MANOEL QUEIROZ,TO,TOCANTINS,PL,DEPUTADO ESTADUAL,OUTROS,350000,1
x,FILIPE MARTINS DOS SANTOS,FILIPE MARTINS,TO,TOCANTINS,PL,DEPUTADO FEDERAL,PECUARISTA,346000,2
x,ROMILDO VELOSO E SILVA,DR VELOSO,PA,PARÁ,MDB,DEPUTADO ESTADUAL,MÉDICO,285000,1
x,JOAO VICENTE FERREIRA DO VALE,BRANCO DA WHITE,PA,PARÁ,PSDB,1º SUPLENTE,OUTROS,282790,2
x,PAULO JOSE ARAUJO CORREA,PAULO CORRÊA,MS,MATO GROSSO DO SUL,PSDB,DEPUTADO ESTADUAL,ENGENHEIRO,245400,1
x,EDMARCIO MOURA LEAL,EDMARCIO LEAL,MG,MINAS GERAIS,PODE,DEPUTADO FEDERAL,ADMINISTRADOR,237000,2
x,ELIEZER VIEIRA MACHADO FILHO,LIZERIM,MG,MINAS GERAIS,AVANTE,DEPUTADO ESTADUAL,VEREADOR,237000,1
x,MARIO KNICHALLA NETO,MARIO KNICHALLA CAÇADOR,MG,MINAS GERAIS,PP,DEPUTADO ESTADUAL,EMPRESÁRIO,232000,7
x,RAFAEL AUGUSTO SALERNO,RAFAEL AGRO SALERNO,MG,MINAS GERAIS,PP,DEPUTADO FEDERAL,JORNALISTA E REDATOR,220000,3
x,VALMIR LUIZ MORETTO,VALMIR MORETTO,MT,MATO GROSSO,REPUBLICANOS,DEPUTADO ESTADUAL,AGRICULTOR,205000,2
x,ALCIDES RODRIGUES FILHO,ALCIDES RODRIGUES,GO,GOIÁS,PATRIOTA,DEPUTADO FEDERAL,DEPUTADO,204500,2
x,AECIO GUERINO DE SOUZA RODRIGUES,AÉCIO RODRIGUES,MT,MATO GROSSO,UNIÃO,DEPUTADO FEDERAL,PECUARISTA,200000,1
x,MARIA CICERA SALUSTRIANO CAETANO,ÍNDIA PATIRA,DF,DISTRITO FEDERAL,PATRIOTA,DEPUTADO FEDERAL,ARTESÃO,200000,1
x,JOSE ROBERTO TEIXEIRA,ZÉ TEIXEIRA,MS,MATO GROSSO DO SUL,PSDB,DEPUTADO ESTADUAL,PRODUTOR AGROPECUÁRIO,165400,4
x,MARCOS ANTONIO MEDRADO,MARCOS MEDRADO,BA,BAHIA,PV,DEPUTADO ESTADUAL,EMPRESÁRIO,150000,2
x,ANTONIO OLIVERIO GARCIA DE ALMEIDA,ANTONIO DENARIUM,RR,RORAIMA,PP,GOVERNADOR,GOVERNADOR,135000,1
x,NAGIBE GOMES VIEIRA,NAGIBE VIEIRA,PB,PARAÍBA,PSD,1º SUPLENTE,EMPRESÁRIO,132000,1
x,IRAJA SILVESTRE FILHO,IRAJÁ,TO,TOCANTINS,PSD,GOVERNADOR,SENADOR,130000,3
x,EUNICIO LOPES DE OLIVEIRA,EUNÍCIO,CE,CEARÁ,MDB,DEPUTADO FEDERAL,EMPRESÁRIO,121020,4
x,MARDQUEU SILVIO FRANCA FILHO,SAMURAI CAÇADOR,SP,SÃO PAULO,PRTB,DEPUTADO ESTADUAL,ADVOGADO,120700,2
x,ALBERTO SCHLATTER,ALBERTO SCHLATTER,MS,MATO GROSSO DO SUL,PODE,VICE-GOVERNADOR,PRODUTOR AGROPECUÁRIO,119605,5
x,ELIAS DAIER GONCALVES,ELIAS DAIER,AC,ACRE,PSDB,DEPUTADO ESTADUAL,VEREADOR,115000,1
x,FERMINO AURELIO ESCOBAR FILHO,TEIXEIRA ESCOBAR,MS,MATO GROSSO DO SUL,PL,DEPUTADO ESTADUAL,PRODUTOR AGROPECUÁRIO,112700,1
x,LUCIANO DE SOUZA,LUCIANO XEROX,ES,ESPÍRITO SANTO,AGIR,2º SUPLENTE,EMPRESÁRIO,106500,1
x,CARLOS ROBSON RODRIGUES DA SILVA,ROBINHO,BA,BAHIA,UNIÃO,DEPUTADO ESTADUAL,DEPUTADO,102000,2
x,JOAO BATISTA ALVES PEREIRA,JOTA BATISTA,BA,BAHIA,PL,DEPUTADO ESTADUAL,ADVOGADO,100500,1
x,ASELMA MARCELO DE OLIVEIRA,SELMINHA MARCELO,RR,RORAIMA,PV,DEPUTADO ESTADUAL,EMPRESÁRIO,100200,7
x,MARCIO HELENO SCHIAVO SIMOES,MINEIRINHO,AC,ACRE,UNIÃO,DEPUTADO ESTADUAL,EMPRESÁRIO,100000,1
x,VANIO PEREIRA MIRANDA,VANIO MIRANDA,AC,ACRE,UNIÃO,DEPUTADO ESTADUAL,EMPRESÁRIO,95000,1
x,SERGIO SANTOS SETTE CAMARA,SETTE CAMARA,MG,MINAS GERAIS,REPUBLICANOS,DEPUTADO FEDERAL,ADVOGADO,88192,2
x,JOSE ALIPIO FERNANDES DA SILVEIRA,ZECA ALIPIO,BA,BAHIA,PTB,DEPUTADO FEDERAL,ADMINISTRADOR,82400,1
x,KATIA REGINA DE ABREU GOMES,KATIA,TO,TOCANTINS,PP,SENADOR,SENADOR,77700,1
x,GILVAN GOMES BARROS,GILVAN BARROS,AL,ALAGOAS,PP,DEPUTADO FEDERAL,PRODUTOR AGROPECUÁRIO,75100,3
x,EDIO VIEIRA LOPES,ÉDIO LOPES,RR,RORAIMA,MDB,VICE-GOVERNADOR,DEPUTADO,70000,1
x,PAULO SURUAGY DO AMARAL DANTAS,PAULO DANTAS,AL,ALAGOAS,MDB,GOVERNADOR,GOVERNADOR,69000,3
x,JULIO EMILIO LOSSIO DE MACEDO,JULIO LOSSIO,PE,PERNAMBUCO,AGIR,1º SUPLENTE,MÉDICO,65300,4
x,PAULO PARANAGUA DE LIMA DA SILVA,PAULO PARANAGUA,AP,AMAPÁ,PTB,DEPUTADO ESTADUAL,EMPRESÁRIO,65000,1
x,ALCIDES SZULCZEWSKI FILHO,ZIZE,MT,MATO GROSSO,PSD,DEPUTADO ESTADUAL,EMPRESÁRIO,63750,2
x,JULIO CESAR COCHIMANSKI,JULIO,PR,PARANÁ,PATRIOTA,DEPUTADO ESTADUAL,ENGENHEIRO,51500,1
x,CANDIDO HONORIO FERREIRA FILHO,CÂNDIDO HONÓRIO,AM,AMAZONAS,AGIR,1º SUPLENTE,ADVOGADO,50500,1
x,GIOVANNI CORREA QUEIROZ,GIOVANNI QUEIROZ,PA,PARÁ,PDT,DEPUTADO FEDERAL,MÉDICO,50240,3
x,RAIMUNDO ANCELMO LIMA MORORO,ANCELMO MORORO,CE,CEARÁ,AVANTE,DEPUTADO FEDERAL,EMPRESÁRIO,50000,1
x,MARCOS ROBERIO RIBEIRO MONTEIRO,ROBÉRIO MONTEIRO,CE,CEARÁ,PDT,DEPUTADO FEDERAL,EMPRESÁRIO,49380,7
x,JOSE SEBBA JUNIOR,SEBBINHA,GO,GOIÁS,PATRIOTA,DEPUTADO ESTADUAL,PECUARISTA,46000,2
x,JOSE JUAREZ LEITAO DOS SANTOS,JUAREZ LEITÃO,AC,ACRE,PSD,DEPUTADO FEDERAL,OUTROS,45000,1
x,THIAGO ARAUJO,THIAGO ARAUJO,PA,PARÁ,CIDADANIA,DEPUTADO ESTADUAL,DEPUTADO,44400,1
x,IRACEMA MARIA PORTELLA NUNES NOGUEIRA LIMA,IRACEMA PORTELLA,PI,PIAUÍ,PP,VICE-GOVERNADOR,EMPRESÁRIO,40000,1
x,JOSE EUGENIO DE PAIVA,DR. EUGÊNIO,MT,MATO GROSSO,PSB,DEPUTADO ESTADUAL,DEPUTADO,35050,4
x,ANIBAL FERREIRA GOMES,ANÍBAL GOMES,CE,CEARÁ,PSDB,DEPUTADO FEDERAL,ODONTÓLOGO,35000,1
x,JAIME MAXIMINO BAGATTOLI,JAIME BAGATTOLI,RO,RONDÔNIA,PL,SENADOR,EMPRESÁRIO,33800,4
x,ROSANI TEREZINHA PIRES DA COSTA DONADON,ROSANI DONADON,RO,RONDÔNIA,PSD,DEPUTADO FEDERAL,"CORRETOR DE IMÓVEIS, SEGUROS, TÍTULOS E VALORES",30500,2
x,VILMAR ALVES DE OLIVEIRA,VILMAR,TO,TOCANTINS,SOLIDARIEDADE,DEPUTADO ESTADUAL,DEPUTADO,29100,1
x,JOSE ESTHEFAN BARBARY FILHO,ZEZINHO BARBARY,AC,ACRE,PP,DEPUTADO FEDERAL,COMERCIANTE,27400,2
x,MARCELO DE CARVALHO MIRANDA,MARCELO MIRANDA,TO,TOCANTINS,MDB,DEPUTADO ESTADUAL,EMPRESÁRIO,"27344,5",2
x,SEVERIANO ALVES DE SOUZA,SEVERIANO ALVES,BA,BAHIA,PTB,DEPUTADO FEDERAL,ADVOGADO,27000,1
x,ANDRE TAVARES RUBIM DE TOLEDO,ANDRE TOLEDO,MT,MATO GROSSO,DC,DEPUTADO ESTADUAL,"CORRETOR DE IMÓVEIS, SEGUROS, TÍTULOS E VALORES",26393,1
x,WEYKLEN COELHO TEIXEIRA,KEKE TEIXEIRA,MA,MARANHÃO,MDB,DEPUTADO ESTADUAL,COMERCIANTE,26000,1
x,NELSON NED PREVIDENTE,NELSON BARBUDO,MT,MATO GROSSO,PL,DEPUTADO FEDERAL,PRODUTOR AGROPECUÁRIO,25500,1
x,EMANUEL TELES OLIVEIRA,EMANUEL OLIVEIRA,SE,SERGIPE,PV,2º SUPLENTE,EMPRESÁRIO,25000,1
x,JOSENIL COSTA CHAVES,ZENIL,AC,ACRE,PL,DEPUTADO ESTADUAL,PRODUTOR AGROPECUÁRIO,24400,2
x,ELIANE HELLER,ELIANE HELLER,MT,MATO GROSSO,PTB,DEPUTADO ESTADUAL,EMPRESÁRIO,22500,1
x,FABIO GONCALVES CARDOSO,FABIO CARDOSO,RR,RORAIMA,PODE,1º SUPLENTE,COMERCIANTE,21000,1
x,FRANZ ARAUJO HACKER,FRANCE HACKER,PE,PERNAMBUCO,PSB,DEPUTADO ESTADUAL,ADMINISTRADOR,21000,3
x,MARIA DAS GRACAS MELO DO ESPIRITO SANTO,DRA. GRAÇA MELO,BA,BAHIA,SOLIDARIEDADE,DEPUTADO ESTADUAL,MÉDICO,20000,1
x,HENRIQUE SAVIO PEREIRA PONTES,SÁVIO PONTES,CE,CEARÁ,PSD,DEPUTADO ESTADUAL,EMPRESÁRIO,17568,2
x,CARLOS JOSE RIBEIRO SILVA,CARLOS RIBEIRO,PI,PIAUÍ,REPUBLICANOS,DEPUTADO ESTADUAL,EMPRESÁRIO,17150,3
x,CARLOS AVALONE JUNIOR,CARLOS AVALONE,MT,MATO GROSSO,PSDB,DEPUTADO ESTADUAL,DEPUTADO,16665,4
x,ANTONIO HERVAZIO BEZERRA CAVALCANTI,HERVAZIO BEZERRA,PB,PARAÍBA,PSB,DEPUTADO ESTADUAL,DEPUTADO,15960,3
x,JAIR GREGORIO DE SOUZA,JAIR DI GREGÓRIO,MG,MINAS GERAIS,AVANTE,DEPUTADO FEDERAL,OUTROS,15000,1
x,JOSE RAIMUNDO FERNANDES DE OLIVEIRA,ZÉ RAIMUNDO,AM,AMAZONAS,PMB,DEPUTADO ESTADUAL,EMPRESÁRIO,15000,1
x,IVORY DE LIRA AGUIAR CUNHA,IVORY DE LIRA,TO,TOCANTINS,PC do B,DEPUTADO ESTADUAL,DEPUTADO,15000,1
x,DARIO BOMFIM SANTOS,DÁRIO DA SUCÃ,BA,BAHIA,PATRIOTA,DEPUTADO ESTADUAL,OUTROS,15000,1
x,DAVI MOREIRA DE ALENCAR,DAVI MOREIRA DE ALENCAR,PE,PERNAMBUCO,REDE,DEPUTADO FEDERAL,BANCÁRIO E ECONOMIÁRIO,13500,1
x,JULIO CESAR GARCIA,JULIO GARCIA,SC,SANTA CATARINA,PSD,DEPUTADO ESTADUAL,DEPUTADO,13000,1
x,RAUL DA SILVA LIMA SOBRINHO,RAUL LIMA,RR,RORAIMA,PODE,DEPUTADO FEDERAL,COMERCIANTE,12500,1
x,PEDRO IVO DA SILVA WANDERLEY,PEDÃO DE MARÍLIA,PE,PERNAMBUCO,SOLIDARIEDADE,DEPUTADO ESTADUAL,OUTROS,12500,2
x,FERNANDO REIS DA COSTA E SILVA,FERNANDO COSTA E SILVA,RJ,RIO DE JANEIRO,PL,DEPUTADO ESTADUAL,OUTROS,12500,1
x,CHARLES FERNANDES SILVEIRA SANTANA,CHARLES FERNANDES,BA,BAHIA,PSD,DEPUTADO FEDERAL,DEPUTADO,12000,1
x,MARCIO AUGUSTO VASCONCELOS COUTINHO,MARCIO COUTINHO,MA,MARANHÃO,MDB,DEPUTADO ESTADUAL,ADVOGADO,12000,2
x,MARCOS ANTONIO DE CARVALHO CALDAS,MARCOS CALDAS,MA,MARANHÃO,PROS,DEPUTADO ESTADUAL,EMPRESÁRIO,12000,2
x,MATHEUS DE OLIVEIRA PINTO,MATHEUS MAFEPI,SP,SÃO PAULO,PL,DEPUTADO FEDERAL,OUTROS,11500,1
x,NOEL DE CARVALHO NETO,NOEL DE CARVALHO,RJ,RIO DE JANEIRO,SOLIDARIEDADE,DEPUTADO ESTADUAL,DEPUTADO,11500,2
x,MISAEL ARTUR FERREIRA VARELLA,MISAEL VARELLA,MG,MINAS GERAIS,PSD,DEPUTADO FEDERAL,EMPRESÁRIO,11200,1
x,REGINA APARECIDA SILVA,REGINA,RR,RORAIMA,PMN,2º SUPLENTE,COMERCIANTE,11000,1
x,MARCOS LUIZ DE OLIVEIRA,MARQUINHO TIRADENTES,CE,CEARÁ,AVANTE,DEPUTADO ESTADUAL,POLICIAL MILITAR,11000,1
x,OSCAR SPINDOLA RODRIGUES JUNIOR,DR. OSCAR RODRIGUES,CE,CEARÁ,UNIÃO,DEPUTADO ESTADUAL,EMPRESÁRIO,11000,2
x,LUIZ GONZAGA PATRIOTA,GONZAGA PATRIOTA,PE,PERNAMBUCO,PSB,DEPUTADO FEDERAL,DEPUTADO,11000,1
x,HUDSON SOARES LEAL,HUDSON LEAL,ES,ESPÍRITO SANTO,REPUBLICANOS,DEPUTADO ESTADUAL,MÉDICO,10500,3
x,JOSE LUCIANO NASCIMENTO LIMA,LUCIANO DE MENININHA,SE,SERGIPE,PP,DEPUTADO FEDERAL,PRODUTOR AGROPECUÁRIO,10500,1
x,JOSE EUZEBIO DE MIRANDA,ZÉ DA DEZ,RR,RORAIMA,PV,DEPUTADO ESTADUAL,AGRICULTOR,"10196,1",1
x,CAMILO DE LELLIS CARNEIRO FIGUEIREDO,CAMILO FIGUEIREDO,MA,MARANHÃO,PODE,DEPUTADO FEDERAL,EMPRESÁRIO,10000,1
x,HUBSCLENDER GOIS CONCEICAO,RUBENS GÓIS,BA,BAHIA,PL,DEPUTADO ESTADUAL,ADVOGADO,10000,2
x,JAIR MESSIAS BOLSONARO,JAIR BOLSONARO,BR,BRASIL,PL,PRESIDENTE,PRESIDENTE DA REPÚBLICA,10000,1
x,IRMANIO SARMENTO DE MAGALHAES,IRMANIO SARMENTO,RR,RORAIMA,PSOL,2º SUPLENTE,ARTESÃO,10000,1
x,ALEXANDRE FERNANDES CARVALHO,DELEGADO ALEXANDRE,RR,RORAIMA,PROS,DEPUTADO ESTADUAL,SERVIDOR PÚBLICO FEDERAL,10000,1
x,WELLINGTON SILVA SOUSA,WELLINGTON SOUSA,PB,PARAÍBA,REDE,DEPUTADO ESTADUAL,EMPRESÁRIO,9600,1
x,MARCOS ANTONIO DE ARAUJO MENDONCA,DR MARCOS,CE,CEARÁ,AVANTE,DEPUTADO FEDERAL,ADVOGADO,9000,1
x,JAIME VERGETTI DE SIQUEIRA JUNIOR,JAIMINHO VERGETTI,AL,ALAGOAS,PSB,DEPUTADO ESTADUAL,EMPRESÁRIO,9000,1
x,THIAGO ALBERNAZ PEREIRA,THIAGO ALBERNAZ,GO,GOIÁS,MDB,DEPUTADO ESTADUAL,ECONOMISTA,9000,2
x,EDSON VANDER LENZI KAWAI,EDSON LENZI,RO,RONDÔNIA,AVANTE,DEPUTADO FEDERAL,EMPRESÁRIO,"7698,9",1
x,REGINALDO AMERICO TAVARES,REGINALDO AMÉRICO,PB,PARAÍBA,UNIÃO,DEPUTADO ESTADUAL,EMPRESÁRIO,6500,3
x,JUCIMAR DE OLIVEIRA VELOSO,PAPI,AM,AMAZONAS,PSC,DEPUTADO ESTADUAL,EMPRESÁRIO,6445,5
x,MAGNO AUGUSTO BACELAR NUNES,DR MAGNO BACELAR,MA,MARANHÃO,PP,DEPUTADO FEDERAL,MÉDICO,6000,1
x,CARLOS CESAR CORREIA DE MESSIAS,CÉSAR MESSIAS,AC,ACRE,PSB,1º SUPLENTE,PECUARISTA,6000,1
x,FRANCISCO HOLANDA IANANES DE OLIVERA,CHICO HOLANDA,RO,RONDÔNIA,UNIÃO,DEPUTADO ESTADUAL,EMPRESÁRIO,5760,2
x,SEBASTIAO VIEIRA DA SILVA,BASTIÃO VIEIRA,SC,SANTA CATARINA,PSDB,DEPUTADO ESTADUAL,"TÉCNICO DE ELETRICIDADE, ELETRÔNICA E TELECOMUNICAÇÕES",5500,2
x,FRANCISCO DAS CHAGAS BEZERRA DE LIMA,CHAGAS ENFERMEIRO,RR,RORAIMA,PODE,DEPUTADO ESTADUAL,SERVIDOR PÚBLICO FEDERAL,5500,1
x,JEFERSON LUIZ DE ANDRADE,JEFERSON ANDRADE,SE,SERGIPE,PSD,DEPUTADO ESTADUAL,PECUARISTA,5000,1
x,EVANDO MAGAL ABADIA CORREIA SILVA,MAGAL,GO,GOIÁS,PATRIOTA,DEPUTADO FEDERAL,OUTROS,5000,1
x,JOSE ALEDSON DE SOUSA MOURA,DR. ALEDSON MOURA,PB,PARAÍBA,UNIÃO,DEPUTADO ESTADUAL,MÉDICO,5000,1
x,FRANCISCO TWARDOVSKI,CHICO TWARDOVSKI,SC,SANTA CATARINA,PDT,DEPUTADO ESTADUAL,AGRICULTOR,5000,1
x,MAGDA MOFATTO HON,MAGDA MOFATTO,GO,GOIÁS,PL,DEPUTADO FEDERAL,DEPUTADO,5000,1
x,JOSE MARCELO DO NASCIMENTO NILO,MARCELO NILO,BA,BAHIA,REPUBLICANOS,DEPUTADO FEDERAL,DEPUTADO,5000,1
x,JOSE ALVES ROCHA,JOSÉ ROCHA,BA,BAHIA,UNIÃO,DEPUTADO FEDERAL,DEPUTADO,5000,1
x,MARCOS ANTONIO LELIS MOREIRA,PROMOTOR MARCOS LELIS,SP,SÃO PAULO,AVANTE,DEPUTADO FEDERAL,MEMBRO DO MINISTÉRIO PÚBLICO,5000,1
x,SERGIO PILLON GUERRA,SÉRGIO PILLON,RR,RORAIMA,MDB,1º SUPLENTE,SERVIDOR PÚBLICO FEDERAL,4700,1
x,OCIMAR DONIZETI LEO OLIVEIRA,LEO OLIVEIRA,SP,SÃO PAULO,MDB,DEPUTADO ESTADUAL,EMPRESÁRIO,"4636,8",2
x,MARCOS DAVI DANTAS DOS SANTOS,MARCOS DAVI,PB,PARAÍBA,PP,2º SUPLENTE,EMPRESÁRIO,4500,1
x,JOSE GENARO DE ANDRADE,JOSÉ GENARO,RO,RONDÔNIA,PP,VICE-GOVERNADOR,EMPRESÁRIO,4500,1
x,MANOEL MACHADO DA ROCHA,MANOEL MACHADO,AC,ACRE,SOLIDARIEDADE,DEPUTADO ESTADUAL,APOSENTADO (EXCETO SERVIDOR PÚBLICO),4300,1
x,MARIO SERGIO LUBIANA,LUBIANA BARRIGUEIRA,ES,ESPÍRITO SANTO,PSB,DEPUTADO ESTADUAL,PRODUTOR AGROPECUÁRIO,"4078,7",1
x,MARNIO ALBERTO CADORE,MANO CADORE,SC,SANTA CATARINA,MDB,DEPUTADO ESTADUAL,EMPRESÁRIO,4000,1
x,CLOVIS JOSE PRAGANA PAIVA,CLOVIS OAIVA,PE,PERNAMBUCO,PP,DEPUTADO ESTADUAL,EMPRESÁRIO,4000,1
x,FRANCISCA AURELINA DE MEDEIROS LIMA,AURELINA MEDEIROS,RR,RORAIMA,PP,DEPUTADO ESTADUAL,DEPUTADO,4000,1
x,WELITON VIRGILIO PEREIRA,CORONEL WELITON,ES,ESPÍRITO SANTO,PTB,DEPUTADO ESTADUAL,MILITAR REFORMADO,"3515,6",1
x,ADELINO ANGELO FOLLADOR,ADELINO FOLLADOR,RO,RONDÔNIA,UNIÃO,DEPUTADO ESTADUAL,DEPUTADO,3500,1
x,EVANDRO ANSELMINI,ANSELMINI,SC,SANTA CATARINA,PTB,DEPUTADO ESTADUAL,EMPRESÁRIO,"3343,2",1
x,MAYSA PERES CUNHA PEIXOTO,MAYSA CUNHA,GO,GOIÁS,PP,DEPUTADO FEDERAL,EMPRESÁRIO,3104,2
x,EDILSON MASSOCCO,MASSOCCO,SC,SANTA CATARINA,PL,DEPUTADO ESTADUAL,EMPRESÁRIO,3000,1
x,ELVILO ARAUJO DE OLIVEIRA,GORDIM ARAUJO,CE,CEARÁ,PSDB,DEPUTADO ESTADUAL,DEPUTADO,3000,1
x,ALEXANDRE RAMOS DA COSTA,ALEXANDRE AZEVEDO,AP,AMAPÁ,PP,DEPUTADO ESTADUAL,VEREADOR,3000,2
x,OLAIR FRANCISCO,OLAIR FRANCISCO,DF,DISTRITO FEDERAL,UNIÃO,DEPUTADO DISTRITAL,EMPRESÁRIO,3000,1
x,MARIA DA CONCEICAO SOARES GOMES,CONCEICAO GOMES,RR,RORAIMA,PMN,DEPUTADO ESTADUAL,EMPRESÁRIO,3000,2
x,PEDRO VALERIO DE ARAUJO,PEDRO VALERIO,AC,ACRE,UNIÃO,DEPUTADO FEDERAL,PRODUTOR AGROPECUÁRIO,3000,1
x,ANTONIO MANGABEIRA FRANCA,DR MANGABEIRA,BA,BAHIA,PL,DEPUTADO FEDERAL,MÉDICO,3000,1
x,CLAUDIO MARQUES FONSECA DE AZEVEDO,CLAUDIO DO JORNAL,MG,MINAS GERAIS,PSOL,DEPUTADO ESTADUAL,JORNALEIRO,3000,2
x,ULISSES BRAMBINI RIVOLTA DE OLIVEIRA,ULISSES BRAMBINI,BA,BAHIA,PL,1º SUPLENTE,EMPRESÁRIO,3000,1
x,BRUNO PAULO PANTOJA,BRUNO PANTOJA,PE,PERNAMBUCO,REDE,DEPUTADO ESTADUAL,ENGENHEIRO,3000,1
x,LELIS JORGE SILVA,LELIS JORGE,MG,MINAS GERAIS,AVANTE,DEPUTADO FEDERAL,ODONTÓLOGO,3000,1
x,MARCELO BEZERRA GUERREIRO,MARCELO GUERREIRO,RN,RIO GRANDE DO NORTE,PRTB,SENADOR,ENGENHEIRO,2800,2
x,ANTONIO RODRIGUES SOARES,ANTÔNIO CUTIA,RO,RONDÔNIA,PSB,DEPUTADO ESTADUAL,EMPRESÁRIO,2703,1
x,SERGIO SEBASTIAO DE BARROS,SÉRGIO BARROS,AC,ACRE,PSDB,DEPUTADO FEDERAL,ENGENHEIRO,2700,2
x,MARCIUS BELTRAO SIQUEIRA,MARCIUS BELTRÃO,AL,ALAGOAS,UNIÃO,DEPUTADO FEDERAL,ADMINISTRADOR,2600,1
x,JOSE DE BARROS NETO,NETO BARROS,ES,ESPÍRITO SANTO,PC do B,DEPUTADO ESTADUAL,ADVOGADO,2600,1
x,LUCAS DE PAULA ALMEIDA,PADRE LUCAS,MG,MINAS GERAIS,UNIÃO,DEPUTADO FEDERAL,SACERDOTE OU MEMBRO DE ORDEM OU SEITA RELIGIOSA,2500,2
x,MARIA DAS GRACAS CARVALHO DE SOUZA MAGALHAES,DRA. GRAÇA,MA,MARANHÃO,CIDADANIA,DEPUTADO FEDERAL,MAGISTRADO,2500,1
x,MAURO JORGE PERUCHI,MAURO PERUCHI,ES,ESPÍRITO SANTO,REDE,DEPUTADO ESTADUAL,MÉDICO,2480,1
x,CARLOS ANDRADE SAMPAIO JUNIOR,CARLINHOS DO LM,BA,BAHIA,PP,DEPUTADO ESTADUAL,ENGENHEIRO,"2437,2",1
x,ALBERTO MASCHIO,BRIZOLA,RO,RONDÔNIA,PSDB,DEPUTADO ESTADUAL,OUTROS,2400,1
x,EDUARDO CESAR BEZERRA DIOGENES,DUDU DIÓGENES,CE,CEARÁ,PL,DEPUTADO ESTADUAL,EMPRESÁRIO,2050,2
x,EVANGELA VIEIRA GALDINO VILELA DANTAS,EVÂNGELA VIEIRA,PE,PERNAMBUCO,SOLIDARIEDADE,DEPUTADO ESTADUAL,ASSISTENTE SOCIAL,2000,1
x,JIOMAR FERNANDO ALMEIDA MENDES,CHINA,BA,BAHIA,PSB,DEPUTADO FEDERAL,COMERCIANTE,2000,1
x,MARCELO AUGUSTO DA EIRA CORREA,MARCELO SERAFIM,AM,AMAZONAS,AVANTE,DEPUTADO FEDERAL,VEREADOR,2000,1
x,ROSILDA DE FREITAS,ROSE DE FREITAS,ES,ESPÍRITO SANTO,MDB,SENADOR,SENADOR,2000,2
x,FRANCISCO CARLOS OLIVEIRA DE LIMA,CHICARLOS,AC,ACRE,PROS,DEPUTADO ESTADUAL,OUTROS,2000,1
x,JOSE MILTON DOS SANTOS,ALEMÃO DO SUCATÃO,MG,MINAS GERAIS,MDB,DEPUTADO ESTADUAL,COMERCIANTE,2000,1
x,JOSE HELIO DE CARVALHO OLIVEIRA,DR HÉLIO,PI,PIAUÍ,MDB,DEPUTADO ESTADUAL,DEPUTADO,2000,1
x,CLEBER DOS SANTOS TEIXEIRA,JACARÉ DE TANGA,SP,SÃO PAULO,PROS,DEPUTADO FEDERAL,ADVOGADO,2000,1
x,VALDELINO RODRIGUES BARCELOS,VALDELINO BARCELOS,DF,DISTRITO FEDERAL,PP,DEPUTADO DISTRITAL,DEPUTADO,2000,1
x,CLAUDINA JASKE FELBERG,DINA DA MADERON,RO,RONDÔNIA,PP,DEPUTADO FEDERAL,OUTROS,1800,1
x,CRELIA APARECIDA RIBEIRO,CLÉLIA,SC,SANTA CATARINA,DC,DEPUTADO ESTADUAL,APOSENTADO (EXCETO SERVIDOR PÚBLICO),1500,1
x,LUIZ ANTONIO DA SILVA,LUIZ ANTÔNIO DA SILVA,MG,MINAS GERAIS,PSOL,DEPUTADO FEDERAL,MOTORISTA PARTICULAR,1500,1
x,INACIO CAVALCANTE MELO NETO,INÁCIO MELO,MA,MARANHÃO,PSDB,DEPUTADO ESTADUAL,ADMINISTRADOR,1500,1
x,RONALDO ANTONIO MOREIRA,RONALDO MOREIRA,MG,MINAS GERAIS,UNIÃO,DEPUTADO ESTADUAL,EMPRESÁRIO,1500,1
x,CARLOS ROBERTO DE ALMEIRA,TATIN DA REALEZA,RO,RONDÔNIA,PP,DEPUTADO FEDERAL,OUTROS,1500,1
x,LINEU OLIMPIO DE SOUZA,LINEU OLIMPIO,GO,GOIÁS,MDB,DEPUTADO ESTADUAL,EMPRESÁRIO,1500,1
x,JAILSON ALVES NASCIMENTO,JAILSON NASCIMENTO,BA,BAHIA,SOLIDARIEDADE,DEPUTADO ESTADUAL,OUTROS,1500,1
x,FRANCISCO MENDES BRAGA,GALEGO,TO,TOCANTINS,PTB,DEPUTADO FEDERAL,EMPRESÁRIO,1500,1
x,HAMILTON INACIO CARNEIRO,HAMILTON CARNEIRO,GO,GOIÁS,PSD,DEPUTADO FEDERAL,PUBLICITÁRIO,1500,1
x,JOSE ALTAIR PESCHISKI,ZECA PESCHISKI DO CAMPO,SC,SANTA CATARINA,AVANTE,DEPUTADO FEDERAL,EMPRESÁRIO,1500,1
x,MAURO THRONICKE RODRIGUES,MAURO THRONICKE,MS,MATO GROSSO DO SUL,UNIÃO,DEPUTADO ESTADUAL,EMPRESÁRIO,1450,1
x,MARCIO MIGUEL BITTAR,MARCIO BITTAR,AC,ACRE,UNIÃO,GOVERNADOR,SENADOR,1330,1
x,JACKSON SILVA AYRES,JACKSON AYRES,BA,BAHIA,PL,DEPUTADO ESTADUAL,PRODUTOR AGROPECUÁRIO,1248,1
x,ALOISIO ANDRADE DE PAULA,ALOISIO ANDRADE DE PAULA,MG,MINAS GERAIS,PSD,DEPUTADO ESTADUAL,SACERDOTE OU MEMBRO DE ORDEM OU SEITA RELIGIOSA,1098,2
x,LUIZ ANTONIO TEOFILO ROSA,LUIZ TEÓFILO,GO,GOIÁS,REPUBLICANOS,DEPUTADO ESTADUAL,ADVOGADO,1000,1
x,WALTER CORREIA DE BRITO FILHO,WALTER BRITO,PB,PARAÍBA,DC,DEPUTADO ESTADUAL,EMPRESÁRIO,1000,1
x,RAIMUNDO MAGALHAES COSTA,RAIMUNDO COSTA,BA,BAHIA,PODE,DEPUTADO FEDERAL,APOSENTADO (EXCETO SERVIDOR PÚBLICO),1000,1
x,REINALDO DA SILVA OLIVEIRA,REINALDO DA REI RELOGIOS,MG,MINAS GERAIS,PROS,DEPUTADO ESTADUAL,VENDEDOR DE COMÉRCIO VAREJISTA E ATACADISTA,1000,1
x,LEANDRO RAUL RYMSZA,LEANDRO RAUL,PA,PARÁ,PP,2º SUPLENTE,EMPRESÁRIO,863,1
x,FABIO JOSE DE OLIVEIRA,FÁBIO AVELAR,MG,MINAS GERAIS,AVANTE,DEPUTADO ESTADUAL,DEPUTADO,800,1
x,ARNALDO GONTIJO DE FREITAS,ARNALDO GONTIJO,MG,MINAS GERAIS,PROS,DEPUTADO FEDERAL,EMPRESÁRIO,750,1
x,ROQUE BARBIERE,ROQUE BARBIERE ROQUINHO,SP,SÃO PAULO,AVANTE,DEPUTADO ESTADUAL,DEPUTADO,700,1
x,ELIAS BARBOSA DE BRITO,ELIAS BARBOSA,GO,GOIÁS,PSD,DEPUTADO ESTADUAL,OUTROS,700,1
x,MARIA DAS NEVES BARROS PINHEIRO,MARIA DAS NEVES,MA,MARANHÃO,PMB,DEPUTADO FEDERAL,DONA DE CASA,700,1
x,LUCIANO DA CONCEICAO,LUCIANO ROX,SP,SÃO PAULO,SOLIDARIEDADE,DEPUTADO FEDERAL,COMERCIANTE,700,1
x,CLAUDENOR MAGALHAES SANTANA DE SOUZA,PENINHA MAGALHAES,AC,ACRE,PATRIOTA,DEPUTADO ESTADUAL,OUTROS,700,1
x,WALTER ROJAS DE PAIVA,WALTERLUX S,AM,AMAZONAS,DC,DEPUTADO ESTADUAL,EMPRESÁRIO,680,1
x,HUGO BATISTA DA LUZ,IMBILINO,GO,GOIÁS,PDT,DEPUTADO ESTADUAL,OUTROS,"675,5",1
x,JOSE ANTONIO ALVES DE SOUSA,ZEZINHO DA VITALINA,MG,MINAS GERAIS,AVANTE,DEPUTADO FEDERAL,AGENTE ADMINISTRATIVO,600,1
x,DUCICLEIA SILVA DE ANDRADE,DUCICLEIA ANDRADE,RO,RONDÔNIA,PL,DEPUTADO ESTADUAL,AGRICULTOR,600,1
x,NILTON GOMES OLIVEIRA,DR NILTON BAIANO,ES,ESPÍRITO SANTO,UNIÃO,DEPUTADO ESTADUAL,MÉDICO,600,1
x,ADILSON BARROSO OLIVEIRA,ADILSON BARROSO,SP,SÃO PAULO,PL,DEPUTADO FEDERAL,EMPRESÁRIO,600,1
x,JULIANO DUARTE CAMPOS,JULIANO CAMPOS,SC,SANTA CATARINA,PSB,DEPUTADO ESTADUAL,ADMINISTRADOR,570,1
x,LERIS FELISBERTO BRAGA,LERIS BRAGA,MG,MINAS GERAIS,REDE,DEPUTADO ESTADUAL,EMPRESÁRIO,550,2
x,GLAUCO FERREIRA MARCOLINO,CORONEL GLAUCO,MG,MINAS GERAIS,PMN,DEPUTADO FEDERAL,SERVIDOR PÚBLICO ESTADUAL,500,1
x,SIMONE APARECIDA DOS PASSOS,SIMONE CABELELEIRA,MG,MINAS GERAIS,PTB,DEPUTADO FEDERAL,"CABELEIREIRO, BARBEIRO, MANICURE, MAQUILADOR, ESTETICISTA E MASSAGISTA",500,1
x,SALVADOR DE SOUZA GOMES,SALVADOR DOS COCAIS,MG,MINAS GERAIS,REDE,DEPUTADO ESTADUAL,COMERCIANTE,500,1
x,JOSE LUIZ PIMENTA DE SOUZA,PIMENTA,ES,ESPÍRITO SANTO,PP,DEPUTADO ESTADUAL,AGRICULTOR,500,1
x,JOAO BENTO FERREIRA DA SILVA,JOÃO DA IDA,AC,ACRE,PROS,DEPUTADO ESTADUAL,OUTROS,500,1
x,AURENI BRAZ VILANOVA DE SOUSA,NENA BRAZ,DF,DISTRITO FEDERAL,PRTB,DEPUTADO DISTRITAL,OUTROS,500,1
x,RILDO GOMES DE OLIVEIRA,RILDO OLIVEIRA,AP,AMAPÁ,PP,DEPUTADO ESTADUAL,AGENTE ADMINISTRATIVO,500,1
x,ANA MARIA BATISTA DE UZEDA,ANA UZEDA,RJ,RIO DE JANEIRO,PROS,DEPUTADO ESTADUAL,ESTETICISTA,500,1
x,ADILSON ESPINDILA,ADILSON ESPINDULA,ES,ESPÍRITO SANTO,PDT,DEPUTADO ESTADUAL,OUTROS,500,1
x,OTAVIANO OLAVO PIVETTA,OTAVIANO PIVETTA,MT,MATO GROSSO,REPUBLICANOS,VICE-GOVERNADOR,PRODUTOR AGROPECUÁRIO,400,2
x,LAZARO BOTELHO MARTINS,LAZARO BOTELHO,TO,TOCANTINS,PP,DEPUTADO FEDERAL,DEPUTADO,360,1
x,JOAO BERNARDES DOS SANTOS,JOAO BERNARDES,PA,PARÁ,PSC,DEPUTADO FEDERAL,EMPRESÁRIO,302,1
x,CLAUDIOMIR JOSE MARTINS VIEIRA,CLAUDIOMIR DA MIRAINOX,MG,MINAS GERAIS,PSC,DEPUTADO ESTADUAL,EMPRESÁRIO,300,1
x,STEPHAN GOMES DE CARVALHO,TEFA,CE,CEARÁ,PP,DEPUTADO FEDERAL,"CORRETOR DE IMÓVEIS, SEGUROS, TÍTULOS E VALORES",300,1
x,WALDINEI CHICARELI DE ANDRADE,NEI CHICARELI,MG,MINAS GERAIS,DC,DEPUTADO ESTADUAL,EMPRESÁRIO,"260,6",1
x,ROBERTO MAGALHAES,BETO DA TOCA,MG,MINAS GERAIS,REDE,DEPUTADO ESTADUAL,VIGILANTE,214,1
x,HERBERT DE AMORIM CARDOSO,DELEGADO HERBERT,RR,RORAIMA,UNIÃO,DEPUTADO FEDERAL,POLICIAL CIVIL,200,1
x,NELITO PAIVA DUARTE,NÉLITO PAIVA,GO,GOIÁS,NOVO,DEPUTADO ESTADUAL,ADMINISTRADOR,200,1
x,ISAIAS DA SILVA CARVALHO,ISAIAS,AP,AMAPÁ,REDE,DEPUTADO FEDERAL,VENDEDOR DE COMÉRCIO VAREJISTA E ATACADISTA,200,1
x,MARCELO CONRADO,MARCELO CONRADO,GO,GOIÁS,PATRIOTA,DEPUTADO FEDERAL,AGRÔNOMO,200,1
x,PEDRO PONTES DE ALCANTARA,PEDRO ABEHINHA,PB,PARAÍBA,PMB,DEPUTADO FEDERAL,VETERINÁRIO,200,1
x,SERGIO MELO RODRIGUES,SERJÃO,TO,TOCANTINS,PRTB,DEPUTADO ESTADUAL,APOSENTADO (EXCETO SERVIDOR PÚBLICO),200,1
x,ARMANDO MATTIELLO,A.MATTIELLO,MG,MINAS GERAIS,PTB,DEPUTADO FEDERAL,PRODUTOR AGROPECUÁRIO,150,1
x,JOAQUIM TOMAZ DE SOUZA NETO,QUINCA TOMAZ,TO,TOCANTINS,PDT,DEPUTADO ESTADUAL,ENGENHEIRO,120,1
x,TARCISIO PEREIRA DA COSTA,CHITÃOZINHO DE COROMANDEL,MG,MINAS GERAIS,PSC,DEPUTADO FEDERAL,OUTROS,100,1
x,WELIO NERES DOS SANTOS,WELIO NERES,BA,BAHIA,PTB,DEPUTADO FEDERAL,OUTROS,100,1